{
  "max_length": 525,
  "mean_length": 132.434424,
  "median_length": 126.0,
  "std_length": 56.67005868876636,
  "processing_time": 116.72797417640686,
  "record_holders": [],
  "limit": 1000000
}